index,published,keyword,domain,language,valid,title,description,url,image,archive,content,quote,de,en,la,added
f12238196ce1d85228e47848e619c9a1,2026-09-01T10:00:07Z,'Verkehrswende',www.sueddeutsche.de,de,0.9,Öffentlicher Nahverkehr: Ein Viertel der Deutschen schlecht mit ÖPNV versorgt,"Die Agora Verkehrswende berichtet, dass 21 Millionen Menschen in Deutschland schlecht mit Bus und Bahn versorgt sind. Vor allem in ländlichen Regionen ist das der Fall. Eine deutsche Großstadt steht am besten da.",https://www.sueddeutsche.de/wirtschaft/oepnv-bus-bahn-nahverkehr-schlechte-verbindung-li.3540509,https://www.sueddeutsche.de/2023/05/02/9294f069-76f2-4061-9fe7-2a4eafd9fa2d.jpeg?q=60&fm=webp&width=1200&rect=0%2C70%2C1350%2C759,http://web.archive.org/web/20260902013514/https://www.sueddeutsche.de/wirtschaft/oepnv-bus-bahn-nahverkehr-schlechte-verbindung-li.3540509,"Die am schlechtesten versorgten Menschen seien auf das Auto angewiesen. Betroffen seien vor allem Gemeinden in Niedersachsen, Schleswig-Holstein, Mecklenburg-Vorpommern, Brandenburg und Sachsen-Anhal… [+848 chars]",,"Öffentlicher Nahverkehr: Ein Viertel der Deutschen schlecht mit ÖPNV versorgt. Die Agora Verkehrswende berichtet, dass 21 Millionen Menschen in Deutschland schlecht mit Bus und Bahn versorgt sind. Vor allem in ländlichen Regionen ist das der Fall. Eine deutsche Großstadt steht am besten da.",Local public transport: A quarter of Germans have poor access to public transport. The Agora Verkehrswende reports that 21 million people in Germany are poorly served by buses and trains. This is particularly the case in rural regions. A big German city is the best place.,Locus publicus onerariis: Quarta Germanorum aditus ad publica oneraria pauperes habent. Agora Verkehrswende nuntiat XXI miliones hominum in Germania male commoda et impedimenta esse. Quod maxime evenit in regionibus rusticis. Magna urbs Germaniae optima est.,2026-09-05 21:51:00+00:00
3fd1322271ef616082c9407bfcf972b9,2026-09-01T14:19:10Z,'Verkehrswende',www.zeit.de,de,0.9,Agora Verkehrswende: Frankfurt laut Untersuchung vorn bei öffentlichem Nahverkehr,Hier finden Sie Informationen zu dem Thema „Agora Verkehrswende“. Lesen Sie jetzt „Frankfurt laut Untersuchung vorn bei öffentlichem Nahverkehr“.,https://www.zeit.de/news/2026-09/01/frankfurt-laut-untersuchung-vorn-bei-oeffentlichem-nahverkehr,https://img.zeit.de/news/2026-09/01/frankfurt-laut-untersuchung-vorn-bei-oeffentlichem-nahverkehr-image-group/wide__1300x731,http://web.archive.org/web/20260902015236/https://www.zeit.de/news/2026-09/01/frankfurt-laut-untersuchung-vorn-bei-oeffentlichem-nahverkehr,Nach einer Untersuchung der Denkfabrik Agora Verkehrswende hat Frankfurt am Main unter den deutschen Großstädten das beste Angebot beim öffentlichen Verkehr (ÖV). Frankfurt kam auf eine ÖV-Güte von 1… [+1506 chars],,Agora Verkehrswende: Frankfurt laut Untersuchung vorn bei öffentlichem Nahverkehr. Hier finden Sie Informationen zu dem Thema „Agora Verkehrswende“. Lesen Sie jetzt „Frankfurt laut Untersuchung vorn bei öffentlichem Nahverkehr“.,"Agora traffic turnaround: According to the study, Frankfurt is ahead when it comes to local public transport. Here you will find information on the topic of “Agora transport transition”. Now read “According to the study, Frankfurt is ahead in public transport”.","Agora negotiatio turnaround: Secundum studium, Frankfurt antecedit cum ad publica oneraria localia venit. Hic informationes invenies in argumento ""Agorae transportati transitus"". Nunc legitur ""Secundum studium Francofurtum praemisit in onerariis publicis"".",2026-09-05 21:51:00+00:00
f537becbb05bf001624f5f25691f9bdf,2026-09-01T16:24:00Z,'Verkehrswende',taz.de,de,0.9,Nahverkehrsatlas von Agora Verkehrswende: Wo Bus und Bahn gut erreichbar sind,Drei Viertel der Menschen in Deutschland sind gut an den Nahverkehr angebunden. Wo aber läuft es noch nicht so? Eine Analyse nennt Regionen und Zahlen.,https://taz.de/Nahverkehrsatlas-von-Agora-Verkehrswende/!6209138/,https://taz.de/picture/8708478/1200/41565691.jpeg,,Drei Viertel der Menschen in Deutschland sind gut an den Nahverkehr angebunden. Wo aber läuft es noch nicht so? Eine Analyse nennt Regionen und Zahlen. mehr...,,Nahverkehrsatlas von Agora Verkehrswende: Wo Bus und Bahn gut erreichbar sind. Drei Viertel der Menschen in Deutschland sind gut an den Nahverkehr angebunden. Wo aber läuft es noch nicht so? Eine Analyse nennt Regionen und Zahlen.,Local transport atlas from Agora Verkehrswende: Where buses and trains are easily accessible. Three quarters of people in Germany are well connected to local transport. But where is things not going that way yet? An analysis names regions and numbers.,Atlas locales ab Agora Verkehrswende: Ubi negotiationes et impedimenta facilia sunt pervia. Tres partes hominum in Germania bene connectuntur cum onerariis localibus. Sed ubi adhuc non est via? Analysis nominum regionum ac numerorum.,2026-09-05 21:51:00+00:00
63df996b5718bea0a02256538e510218,2026-09-01T09:36:02Z,'Energiewende',www.golem.de,de,0.9,E-Fuels und H2: Synthetische Kraftstoffe benötigen nur Luft,"Die Wasserknappheit nimmt weltweit zu, was die zukünftige Herstellung von grünem Wasserstoff und Methanol gefährdet. Es gibt eine bessere Lösung. (Energiewende, Wasserstoff)",https://www.golem.de/sonstiges/zustimmung/auswahl.html?from=https://www.golem.de/news/e-fuels-und-h2-synthetische-kraftstoffe-benoetigen-nur-luft-2609-212489.html&referer=https://t.co/9f409f2a8d,,,"Besuchen Sie Golem.de wie gewohnt mit Werbung und Tracking,
 indem Sie der Nutzung aller Cookies zustimmen.
 Details zum Tracking finden Sie im Privacy Center.
Skript wurde nicht geladen. Informat… [+607 chars]",,"E-Fuels und H2: Synthetische Kraftstoffe benötigen nur Luft. Die Wasserknappheit nimmt weltweit zu, was die zukünftige Herstellung von grünem Wasserstoff und Methanol gefährdet. Es gibt eine bessere Lösung. (Energiewende, Wasserstoff)","E-fuels and H2: Synthetic fuels only require air. Water scarcity is increasing worldwide, threatening future production of green hydrogen and methanol. There is a better solution. (energy transition, hydrogen)","E-fuels et H2: Saccharum fuels solum aerem requirunt. Aqua inopiae terrarum increscit, futuram productionem impendens viridis hydrogenii et methanoli. Melior est solutio. (Virtas transitus, hydrogenii)",2026-09-06 02:18:52+00:00
306d668e87b359e50deec327ef87b568,2026-09-04T07:14:01Z,'Verbrenner-Aus Energiewende',www.golem.de,de,0.9,Wasserstoff-Hybrid-Motor: Umgerüsteter Dieselmotor verbraucht 24 Prozent weniger,"Eine H2-Einspritzung in einen regulären Dieselmotor eines Transportschiffs hat auf 16.000 km knapp ein Viertel an Diesel-Kraftstoff eingespart. (Wasserstoff, Energiewende)",https://www.golem.de/sonstiges/zustimmung/auswahl.html?from=https://www.golem.de/news/wasserstoff-hybrid-motor-umgeruesteter-dieselmotor-verbraucht-24-prozent-weniger-2609-212642.html&referer=https://t.co/09c3f1154f,,,"Besuchen Sie Golem.de wie gewohnt mit Werbung und Tracking,
 indem Sie der Nutzung aller Cookies zustimmen.
 Details zum Tracking finden Sie im Privacy Center.
Skript wurde nicht geladen. Informat… [+607 chars]",,"Wasserstoff-Hybrid-Motor: Umgerüsteter Dieselmotor verbraucht 24 Prozent weniger. Eine H2-Einspritzung in einen regulären Dieselmotor eines Transportschiffs hat auf 16.000 km knapp ein Viertel an Diesel-Kraftstoff eingespart. (Wasserstoff, Energiewende)","Hydrogen hybrid engine: Converted diesel engine consumes 24 percent less. An H2 injection into a regular diesel engine on a transport ship saved almost a quarter of diesel fuel over 16,000 km. (hydrogen, energy transition)","Hydrogenium hybrid engine: Conversa diesel engine consumit 24 percent minus. H2 iniectio in machinam regularem in machinam nauem onerariam paene quarta pars escae pellentesque super 16000 km servavit. (hydrogen, navitas transitus)",2026-09-06 02:18:52+00:00
2a9a884cb1e155aaaa516dd9406bbf6c,2026-09-02T10:55:00Z,'Kernfusion',t3n.de,de,0.9,Schmelzende Diamanten: Neues Laser-Experiment liefert Antworten für Astrophysik und Kernfusion,"Ein langjähriges Rätsel der Hochdruckphysik ist durch neue Experimente gelöst worden, die zeigen, wie sich Kohlenstoff unter hohem Druck verhält. Das liefert nicht nur Antworten für die Astrophysik, sondern hat direkte Folgen für die Entwicklung der Laserfusi…",https://t3n.de/news/schmelzende-diamanten-laser-experiment-neptun-kernfusion-1760617/,https://cdn.t3n.de/news/wp-content/uploads/2025/03/shutterstock_2426595009.jpg?class=content,http://web.archive.org/web/20260902233419/https://t3n.de/news/schmelzende-diamanten-laser-experiment-neptun-kernfusion-1760617/,Ein Forschungsteam um den Physiker Marius Millot am Lawrence Livermore National Laboratory (LLNL) im US-Bundesstaat Kalifornien hat das Schmelzverhalten von Kohlenstoff unter bisher unerreichten phys… [+6343 chars],,"Schmelzende Diamanten: Neues Laser-Experiment liefert Antworten für Astrophysik und Kernfusion. Ein langjähriges Rätsel der Hochdruckphysik ist durch neue Experimente gelöst worden, die zeigen, wie sich Kohlenstoff unter hohem Druck verhält. Das liefert nicht nur Antworten für die Astrophysik, sondern hat direkte Folgen für die Entwicklung der Laserfusi…","Melting diamonds: New laser experiment provides answers for astrophysics and nuclear fusion. A long-standing mystery in high-pressure physics has been solved by new experiments that show how carbon behaves under high pressure. This not only provides answers for astrophysics, but also has direct consequences for the development of laser fusi...","Adamantes liquentes: Novum experimentum laser responsa praebet astrophysics et fusioni nuclei. Diuturnum mysterium in physicas pressurae altum solutum est novis experimentis quae ostendunt quomodo carbo sub alta pressione se gerit. Hoc non solum responsa astrophysicis praebet, sed etiam consectaria directa habet ad progressionem laseris fusi...",2026-09-08 14:03:37+00:00
