,phrase,label,sentiment,subjectivity,language,count,gnd,geonames,geotype,latitude,longitude,continent,country,ipcc
Deutschland,Deutschland,LOC,-0.07346327,0.12743628,de,66.70000000,,2921044.00000000,A,51.50000000,10.50000000,EUROPE,Deutschland,WCE
Europa,Europa,LOC,0.18039773,0.14914773,de,35.20000000,,6255148.00000000,L,48.69096000,9.14062000,EUROPE,,WCE
Privacy Center,Privacy Center,LOC,0.00000000,0.00000000,de,29.80000000,,0.00000000,,,,,,
Berlin,Berlin,LOC,-0.08282209,0.21472393,de,16.30000000,,2950159.00000000,P,52.52437000,13.41053000,EUROPE,Deutschland,WCE
Deutschlands,Deutschlands,LOC,0.06748466,0.00000000,de,16.30000000,,0.00000000,,,,,,
Hamburg,Hamburg,LOC,-0.02413793,0.19540230,de,14.50000000,,2911298.00000000,P,53.55073000,9.99302000,EUROPE,Deutschland,WCE
Bayern,Bayern,LOC,-0.05147059,0.18382353,de,13.60000000,,2951839.00000000,A,49.00000000,11.50000000,EUROPE,Deutschland,WCE
Energiewende,Energiewende,LOC,0.43382353,0.00000000,de,13.60000000,,0.00000000,,,,,,
Frankfurt,Frankfurt,LOC,-0.15596330,0.00000000,de,10.90000000,,2925533.00000000,P,50.11552000,8.68417000,EUROPE,Deutschland,WCE
China,China,LOC,0.00000000,0.00000000,de,10.90000000,,1814991.00000000,A,35.00000000,105.00000000,ASIA,China,EAS
Österreich,Österreich,LOC,0.24922118,0.26479751,de,10.70000000,,2782113.00000000,A,47.33333000,13.33333000,EUROPE,Österreich,WCE
Frankreich,Frankreich,LOC,-0.02000000,0.05000000,de,10.00000000,,3017382.00000000,A,46.00000000,2.00000000,EUROPE,Frankreich,WCE
Sachsen-Anhalt,Sachsen-Anhalt,LOC,0.09500000,0.25000000,de,10.00000000,,2874545.00000000,P,52.12773000,11.62916000,EUROPE,Deutschland,WCE
Europas,Europas,LOC,0.07000000,0.10000000,de,10.00000000,,0.00000000,,,,,,
Erde,Erde,LOC,-0.03472222,0.00000000,de,7.20000000,,6295630.00000000,L,0.00000000,0.00000000,ATLANTIC,,EAO
Schleswig-Holstein,Schleswig-Holstein,LOC,-0.21875000,0.00000000,de,6.40000000,,2838632.00000000,A,54.20000000,9.75000000,EUROPE,Deutschland,NEU
Hitzewelle,Hitzewelle,LOC,-0.14843750,0.35156250,de,6.40000000,,0.00000000,,,,,,
Akku,Akku,LOC,0.76562500,0.00000000,de,6.40000000,,-1.00000000,,,,EUROPE-AFRICA,Lebanon,MED
Sachsen,Sachsen,LOC,0.00000000,0.31250000,de,6.40000000,,2842565.00000000,A,52.00000000,11.73330000,EUROPE,Deutschland,WCE
…,…,LOC,0.12727273,0.00000000,de,5.50000000,,0.00000000,,,,,,
Klimawandel,Klimawandel,LOC,0.25454545,0.00000000,de,5.50000000,,0.00000000,,,,,,
Australien,Australien,LOC,0.14848485,0.15151515,de,5.50000000,,2077456.00000000,A,-25.00000000,135.00000000,OCEANIA,Australien,CAU
Niedersachsen,Niedersachsen,LOC,0.00000000,0.00000000,de,5.50000000,,2862926.00000000,A,52.83333000,9.16667000,EUROPE,Deutschland,WCE
Wärmewende,Wärmewende,LOC,0.00000000,0.00000000,de,5.50000000,,0.00000000,,,,,,
Brandenburg,Brandenburg,LOC,0.00000000,0.00000000,de,5.50000000,,2945356.00000000,A,52.45905000,13.01582000,EUROPE,Deutschland,WCE
Stromnetze,Stromnetze,LOC,0.15217391,0.00000000,de,4.60000000,,0.00000000,,,,,,
München,München,LOC,-0.05434783,0.05434783,de,4.60000000,,2867714.00000000,P,48.13743000,11.57549000,EUROPE,Deutschland,WCE
Hitze,Hitze,LOC,-0.14130435,0.10869565,de,4.60000000,,2903464.00000000,S,50.36667000,12.00000000,EUROPE,Deutschland,WCE
Landes,Landes,LOC,0.00000000,0.00000000,de,4.60000000,,3007868.00000000,L,44.25000000,-1.00000000,EUROPE-AFRICA,Frankreich,MED
Verkehrswende,Verkehrswende,LOC,-0.30434783,0.00000000,de,4.60000000,,0.00000000,,,,,,
Mecklenburg-Vorpommern,Mecklenburg-Vorpommern,LOC,-0.30434783,0.00000000,de,4.60000000,,2872567.00000000,A,53.83333000,12.50000000,EUROPE,Deutschland,WCE
Rostock,Rostock,LOC,0.00000000,0.00000000,de,4.60000000,,0.00000000,,,,,,
Stadt,Stadt,LOC,-0.21739130,0.00000000,de,4.60000000,,2950159.00000000,P,52.52437000,13.41053000,EUROPE,Deutschland,WCE
Wien,Wien,LOC,0.10370370,0.29629630,de,4.50000000,,2761369.00000000,P,48.20849000,16.37208000,EUROPE,Österreich,WCE
Windräder,Windräder,LOC,0.00000000,0.27027027,de,3.70000000,,0.00000000,,,,,,
Bund,Bund,LOC,0.18918919,0.27027027,de,3.70000000,,10519668.00000000,L,20.49241000,79.45535000,ASIA,Indien,SAS
Italien,Italien,LOC,-0.28378378,0.13513514,de,3.70000000,,3175395.00000000,A,42.83333000,12.83333000,EUROPE-AFRICA,Italien,MED
Potsdam,Potsdam,LOC,-0.18918919,0.00000000,de,3.70000000,,2852458.00000000,P,52.39886000,13.06566000,EUROPE,Deutschland,WCE
Leipzig,Leipzig,LOC,-0.18918919,0.00000000,de,3.70000000,,2879139.00000000,P,51.33962000,12.37129000,EUROPE,Deutschland,WCE
Baden-Württemberg,Baden-Württemberg,LOC,0.00000000,0.00000000,de,3.70000000,,2953481.00000000,A,48.50000000,9.00000000,EUROPE,Deutschland,WCE
Nordrhein-Westfalen,Nordrhein-Westfalen,LOC,-0.32432432,0.13513514,de,3.70000000,,2886242.00000000,P,50.93333000,6.95000000,EUROPE,Deutschland,WCE
Schweiz,Schweiz,LOC,0.00000000,0.27027027,de,3.70000000,,2658434.00000000,A,47.00016000,8.01427000,EUROPE,Schweiz,WCE
USA,USA,LOC,0.00000000,0.27027027,de,3.70000000,,6255150.00000000,L,-14.60485000,-57.65625000,SOUTH-AMERICA,,SAM
Brasilien,Brasilien,LOC,0.13513514,0.13513514,de,3.70000000,,3469034.00000000,A,-10.00000000,-55.00000000,SOUTH-AMERICA,Brasilien,SAM
Hamm,Hamm,LOC,-0.01351351,0.40540541,de,3.70000000,4023168-9,-1.00000000,,,,EUROPE,Germany,WCE
US-Regierung,US-Regierung,LOC,-0.50000000,0.00000000,de,2.80000000,,0.00000000,,,,,,
Klimaschützer,Klimaschützer,LOC,0.00000000,0.00000000,de,2.80000000,,0.00000000,,,,,,
Milliardenhöhe,Milliardenhöhe,LOC,0.00000000,0.00000000,de,2.80000000,,0.00000000,,,,,,
Nepal,Nepal,LOC,-0.35714286,0.00000000,de,2.80000000,4041612-4,-1.00000000,,,,ASIA,Nepal,TIB
Schottland,Schottland,LOC,0.00000000,0.00000000,de,2.80000000,4021159-9,2648579.00000000,P,55.86515000,-4.25763000,EUROPE,United Kingdom,NEU
Wassermangel,Wassermangel,LOC,-0.35714286,0.71428571,de,2.80000000,,-1.00000000,,,,EUROPE,Germany,WCE
NRW,NRW,LOC,0.00000000,0.00000000,de,2.80000000,,2886242.00000000,P,50.93333000,6.95000000,EUROPE,Deutschland,WCE
Halle,Halle,LOC,0.00000000,0.35714286,de,2.80000000,,2911522.00000000,P,51.48158000,11.97947000,EUROPE,Deutschland,WCE
zweitwärmste,zweitwärmste,LOC,0.00000000,0.00000000,de,2.80000000,,0.00000000,,,,,,
Temperaturen,Temperaturen,LOC,-0.35714286,0.00000000,de,2.80000000,,0.00000000,,,,,,
Spanien,Spanien,LOC,0.50000000,0.35714286,de,2.80000000,,2510769.00000000,A,40.00000000,-4.00000000,EUROPE-AFRICA,Spanien,MED
Leuna,Leuna,LOC,0.50000000,0.00000000,de,2.80000000,4099566-5,-1.00000000,,,,EUROPE,Germany,WCE
Chemnitz,Chemnitz,LOC,0.00000000,0.35714286,de,2.80000000,,2940132.00000000,P,50.83570000,12.92922000,EUROPE,Deutschland,WCE
Hessen,Hessen,LOC,0.00000000,0.00000000,de,2.80000000,,2905330.00000000,A,50.55000000,9.00000000,EUROPE,Deutschland,WCE
Aralsee,Aralsee,LOC,0.00000000,0.17857143,de,2.80000000,4094809-2,-1.00000000,,,,EUROPE,Uzbekistan,EEU
US-Präsident,US-Präsident,LOC,0.00000000,0.00000000,de,2.80000000,,0.00000000,,,,,,
Förderstedt,Förderstedt,LOC,0.25000000,0.00000000,de,2.80000000,1081798629,-1.00000000,,,,EUROPE,Germany,WCE
Ostsee,Ostsee,LOC,0.35714286,0.00000000,de,2.80000000,,2919765.00000000,P,54.83503000,9.55218000,EUROPE,Deutschland,NEU
Worms,Worms,LOC,0.00000000,0.00000000,de,2.80000000,4066942-7,-1.00000000,,,,EUROPE,Germany,WCE
Parsteiner See,Parsteiner See,LOC,-0.12500000,0.17857143,de,2.80000000,4338728-7,-1.00000000,,,,EUROPE,Germany,WCE
Norderney,Norderney,LOC,0.00000000,0.00000000,de,2.80000000,,2862042.00000000,T,53.71417000,7.24150000,EUROPE,Deutschland,NEU
Liebig Centre,Liebig Centre,LOC,0.00000000,0.00000000,de,2.80000000,,0.00000000,,,,,,
Rhein-Main-Gebiet,Rhein-Main-Gebiet,LOC,-0.06250000,0.17857143,de,2.80000000,,2847616.00000000,L,50.00000000,8.66667000,EUROPE,Deutschland,WCE
in­nen,in­nen,LOC,-0.73684211,0.00000000,de,1.90000000,,0.00000000,,,,,,
Ruhrgebiet,Ruhrgebiet,LOC,-0.52631579,0.00000000,de,1.90000000,4050926-6,2843198.00000000,L,51.41667000,7.00000000,EUROPE,Germany,WCE
Angebotsvergleich,Angebotsvergleich,LOC,0.36842105,0.00000000,de,1.90000000,,0.00000000,,,,,,
TIANJIN,TIANJIN,LOC,0.00000000,0.00000000,de,1.90000000,4198006-2,-1.00000000,,,,ASIA,China,EAS
Rhein,Rhein,LOC,0.00000000,0.00000000,de,1.90000000,,12077024.00000000,L,49.31885000,8.77012000,EUROPE,Deutschland,WCE
Strompreis,Strompreis,LOC,-0.07894737,0.00000000,de,1.90000000,,0.00000000,,,,,,
Südfrankreich,Südfrankreich,LOC,0.00000000,0.00000000,de,1.90000000,,0.00000000,,,,,,
Experten-Workshops,Experten-Workshops,LOC,0.36842105,0.00000000,de,1.90000000,,0.00000000,,,,,,
Solaranlagen,Solaranlagen,LOC,0.00000000,0.52631579,de,1.90000000,,0.00000000,,,,,,
Wetterdienst,Wetterdienst,LOC,0.00000000,0.00000000,de,1.90000000,,0.00000000,,,,,,
Küste,Küste,LOC,0.00000000,0.00000000,de,1.90000000,,2287781.00000000,A,8.00000000,-5.50000000,AFRICA,Elfenbeinküste,WAF
Kernfusion,Kernfusion,LOC,0.36842105,0.00000000,de,1.90000000,,0.00000000,,,,,,
Kirschsaison,Kirschsaison,LOC,0.52631579,0.00000000,de,1.90000000,,0.00000000,,,,,,
Elektroauto,Elektroauto,LOC,0.73684211,0.00000000,de,1.90000000,,0.00000000,,,,,,
Hitze-Liveblog,Hitze-Liveblog,LOC,0.00000000,0.00000000,de,1.90000000,,0.00000000,,,,,,
Wärmepumpen,Wärmepumpen,LOC,0.00000000,0.00000000,de,1.90000000,,0.00000000,,,,,,
Rostock-Warnemünde,Rostock-Warnemünde,LOC,-0.36842105,0.00000000,de,1.90000000,4079046-0,-1.00000000,,,,EUROPE,,NEU
Staat,Staat,LOC,-0.52631579,0.00000000,de,1.90000000,,-1.00000000,,,,EUROPE-AFRICA,Vatican,MED
Landes hochsommerliche Temperaturen,Landes hochsommerliche Temperaturen,LOC,0.36842105,0.52631579,de,1.90000000,,0.00000000,,,,,,
Polens,Polens,LOC,0.36842105,0.00000000,de,1.90000000,,-1.00000000,,,,EUROPE,Poland,WCE
Elektrofahrzeugen,Elektrofahrzeugen,LOC,0.73684211,0.00000000,de,1.90000000,,0.00000000,,,,,,
Stuttgart,Stuttgart,LOC,0.00000000,0.00000000,de,1.90000000,,2825297.00000000,P,48.78232000,9.17702000,EUROPE,Deutschland,WCE
Australier,Australier,LOC,0.18421053,0.26315789,de,1.90000000,,0.00000000,,,,,,
Hitzefrei-Tage,Hitzefrei-Tage,LOC,0.00000000,0.00000000,de,1.90000000,,0.00000000,,,,,,
B,B,LOC,0.00000000,0.00000000,de,1.90000000,,3577757.00000000,S,18.44483000,-64.54297000,CENTRAL-AMERICA,British Virgin Islands,CAR
Wärmebereich,Wärmebereich,LOC,0.00000000,0.00000000,de,1.90000000,,0.00000000,,,,,,
Vietnam,Vietnam,LOC,-0.36842105,0.00000000,de,1.90000000,4063514-4,-1.00000000,,,,ASIA,Vietnam,SEA
Thailand,Thailand,LOC,-0.36842105,0.00000000,de,1.90000000,4078228-1,1605651.00000000,A,15.50000000,101.00000000,ASIA,Thailand,SEA
Northvolt-Gelände,Northvolt-Gelände,LOC,0.00000000,0.00000000,de,1.90000000,,0.00000000,,,,,,
Ankara,Ankara,LOC,0.89473684,0.00000000,de,1.90000000,4002075-7,-1.00000000,,,,EUROPE-AFRICA,Turkey,MED
Sachsen-Anhalts,Sachsen-Anhalts,LOC,0.36842105,0.00000000,de,1.90000000,,0.00000000,,,,,,
Serbiens,Serbiens,LOC,0.00000000,1.05263158,de,1.90000000,,0.00000000,,,,,,
Westeuropas,Westeuropas,LOC,-0.50000000,0.13157895,de,1.90000000,,0.00000000,,,,,,
unterdurchsch…,unterdurchsch…,LOC,0.73684211,0.00000000,de,1.90000000,,0.00000000,,,,,,
Grönlands,Grönlands,LOC,-0.15789474,0.00000000,de,1.90000000,,0.00000000,,,,,,
Linz,Linz,LOC,0.00000000,0.00000000,de,1.90000000,4074255-6,-1.00000000,,,,EUROPE,Austria,WCE
Milliarden-Investitionen,Milliarden-Investitionen,LOC,0.00000000,0.00000000,de,1.90000000,,0.00000000,,,,,,
Berliner Bezirken,Berliner Bezirken,LOC,0.00000000,0.00000000,de,1.90000000,,0.00000000,,,,,,
Tübingen,Tübingen,LOC,0.00000000,1.05263158,de,1.90000000,4061147-4,-1.00000000,,,,EUROPE,Germany,WCE
Wärmepumpe,Wärmepumpe,LOC,0.36842105,0.00000000,de,1.90000000,,0.00000000,,,,,,
Tibet,Tibet,LOC,0.00000000,0.00000000,de,1.90000000,4111286-6,-1.00000000,,,,ASIA,China,TIB
E-Autos,E-Autos,LOC,0.00000000,0.00000000,de,1.90000000,,0.00000000,,,,,,
Mont…,Mont…,LOC,0.00000000,0.00000000,de,1.90000000,,0.00000000,,,,,,
Italiens,Italiens,LOC,-0.52631579,0.00000000,de,1.90000000,,6116880.00000000,H,46.36199000,-74.81286000,NORTH-AMERICA,Kanada,ENA
Meteorologen,Meteorologen,LOC,-0.36842105,0.00000000,de,1.90000000,,0.00000000,,,,,,
Kirschanbaus,Kirschanbaus,LOC,0.00000000,0.00000000,de,1.90000000,,0.00000000,,,,,,
Bremen,Bremen,LOC,0.00000000,0.00000000,de,1.90000000,,2944388.00000000,P,53.07582000,8.80717000,EUROPE,Deutschland,NEU
Altenberg,Altenberg,LOC,-1.05263158,0.00000000,de,1.90000000,4238828-4,-1.00000000,,,,EUROPE,Germany,WCE
Nord-,Nord-,LOC,0.15789474,0.00000000,de,1.90000000,,0.00000000,,,,,,
deutschen Küste,deutschen Küste,LOC,0.73684211,0.00000000,de,1.90000000,,0.00000000,,,,,,
Lahn,Lahn,LOC,0.52631579,0.00000000,de,1.90000000,4034102-1,-1.00000000,,,,EUROPE,Germany,WCE
Potsdamer,Potsdamer,LOC,-0.26315789,0.26315789,de,1.90000000,,-1.00000000,,,,EUROPE,Germany,WCE
Hitzeschutz,Hitzeschutz,LOC,0.36842105,0.52631579,de,1.90000000,,0.00000000,,,,,,
den USA,den USA,LOC,0.00000000,0.52631579,de,1.90000000,,2747373.00000000,P,52.07667000,4.29861000,EUROPE,Niederlande,NEU
Windkraft Nachholbedarf,Windkraft Nachholbedarf,LOC,-0.36842105,0.00000000,de,1.90000000,,0.00000000,,,,,,
Wetter-Regel,Wetter-Regel,LOC,0.00000000,0.00000000,de,1.90000000,,0.00000000,,,,,,
Landscape Innovation Lab,Landscape Innovation Lab,LOC,0.00000000,0.00000000,de,1.90000000,,0.00000000,,,,,,
Moorburg,Moorburg,LOC,0.00000000,0.00000000,de,1.90000000,,-1.00000000,,,,EUROPE,Germany,NEU
Thüringen,Thüringen,LOC,0.00000000,1.05263158,de,1.90000000,,2822542.00000000,A,50.91667000,11.00000000,EUROPE,Deutschland,WCE
Defensivmodus,Defensivmodus,LOC,-0.73684211,0.00000000,de,1.90000000,,0.00000000,,,,,,
Eisenstadt,Eisenstadt,LOC,0.00000000,0.00000000,de,1.90000000,4014087-8,-1.00000000,,,,EUROPE,Austria,WCE
Land,Land,LOC,-0.52631579,0.00000000,de,1.90000000,,3421288.00000000,L,81.90000000,-56.75000000,POLAR,Grönland,GIC
Endkunden,Endkunden,LOC,-1.05263158,0.00000000,de,1.90000000,,0.00000000,,,,,,
ZEIT-Podcast,ZEIT-Podcast,LOC,0.52631579,0.52631579,de,1.90000000,,0.00000000,,,,,,
Starkregen,Starkregen,LOC,-1.05263158,0.00000000,de,1.90000000,,0.00000000,,,,,,
Hamburgs,Hamburgs,LOC,0.00000000,0.00000000,de,1.90000000,4239189-1,2911298.00000000,P,53.55073000,9.99302000,EUROPE,Germany,NEU
Kroatien,Kroatien,LOC,-0.36842105,0.00000000,de,1.90000000,,3202326.00000000,A,45.16667000,15.50000000,EUROPE,Kroatien,WCE
Afrikas,Afrikas,LOC,-0.12280702,0.00000000,de,1.90000000,,0.00000000,,,,,,
Luxus,Luxus,LOC,0.00000000,0.84210526,de,1.90000000,,0.00000000,,,,,,
Finanzministerium,Finanzministerium,LOC,-0.12962963,0.18518519,de,1.80000000,,-1.00000000,,,,EUROPE,Austria,WCE
Wasserstoff,Wasserstoff,LOC,0.70000000,0.00000000,de,1.00000000,,0.00000000,,,,,,
Ernteeinbußen,Ernteeinbußen,LOC,-0.70000000,0.00000000,de,1.00000000,,0.00000000,,,,,,
Tennet,Tennet,LOC,0.70000000,0.00000000,de,1.00000000,,-1.00000000,,,,EUROPE,United Kingdom,NEU
Technologieoffen,Technologieoffen,LOC,0.00000000,0.00000000,de,1.00000000,,0.00000000,,,,,,
ORF-Wettermoderator,ORF-Wettermoderator,LOC,0.00000000,0.00000000,de,1.00000000,,0.00000000,,,,,,
Vorjahres,Vorjahres,LOC,-1.00000000,0.00000000,de,1.00000000,,0.00000000,,,,,,
PV-Anlagen,PV-Anlagen,LOC,0.00000000,0.00000000,de,1.00000000,,0.00000000,,,,,,
Bundesnetzagentur,Bundesnetzagentur,LOC,0.70000000,0.00000000,de,1.00000000,,0.00000000,,,,,,
Nichtstun,Nichtstun,LOC,0.00000000,0.00000000,de,1.00000000,,0.00000000,,,,,,
Neuen Schlosses Schleißheim,Neuen Schlosses Schleißheim,LOC,0.00000000,0.00000000,de,1.00000000,,0.00000000,,,,,,
D…,D…,LOC,0.00000000,0.00000000,de,1.00000000,,0.00000000,,,,,,
grüne Ex-Minister,grüne Ex-Minister,LOC,-0.70000000,0.00000000,de,1.00000000,,0.00000000,,,,,,
Alpiner Solarstrom,Alpiner Solarstrom,LOC,0.00000000,0.00000000,de,1.00000000,,0.00000000,,,,,,
Ausbaustopp,Ausbaustopp,LOC,0.35000000,0.50000000,de,1.00000000,,0.00000000,,,,,,
Zentralasien,Zentralasien,LOC,0.00000000,0.00000000,de,1.00000000,,0.00000000,,,,,,
Europa w…,Europa w…,LOC,0.00000000,0.00000000,de,1.00000000,,0.00000000,,,,,,
Offshore-Bereich,Offshore-Bereich,LOC,0.70000000,0.00000000,de,1.00000000,,0.00000000,,,,,,
Brennstoffzelle,Brennstoffzelle,LOC,0.70000000,0.00000000,de,1.00000000,,0.00000000,,,,,,
Cookies,Cookies,LOC,0.70000000,0.00000000,de,1.00000000,,-1.00000000,,,,OCEANIA,New Zealand,NZ
Lithium,Lithium,LOC,0.00000000,0.00000000,de,1.00000000,,-1.00000000,,,,NORTH-AMERICA,United States,ENA
Gravitationsspeicher,Gravitationsspeicher,LOC,0.00000000,0.00000000,de,1.00000000,,0.00000000,,,,,,
Gestiegene Stromkosten und Abwanderungspläne,Gestiegene Stromkosten und Abwanderungspläne,LOC,0.00000000,0.00000000,de,1.00000000,,0.00000000,,,,,,
Leistungstransformatoren,Leistungstransformatoren,LOC,0.00000000,0.00000000,de,1.00000000,,0.00000000,,,,,,
Ostchina,Ostchina,LOC,1.00000000,0.00000000,de,1.00000000,,0.00000000,,,,,,
Bohrloch-Batterie,Bohrloch-Batterie,LOC,0.00000000,0.00000000,de,1.00000000,,0.00000000,,,,,,
abgeschriebener,abgeschriebener,LOC,0.00000000,0.00000000,de,1.00000000,,0.00000000,,,,,,
Franken,Franken,LOC,0.00000000,0.00000000,de,1.00000000,,2803465.00000000,L,50.00000000,9.00000000,EUROPE,Deutschland,WCE
BGH,BGH,LOC,0.00000000,0.00000000,de,1.00000000,,0.00000000,,,,,,
Braunkohlekraftwerks Jänschwalde,Braunkohlekraftwerks Jänschwalde,LOC,0.00000000,0.00000000,de,1.00000000,,0.00000000,,,,,,
Lausitz,Lausitz,LOC,0.00000000,0.00000000,de,1.00000000,4034753-9,-1.00000000,,,,EUROPE,Germany,WCE
Straße von Hormus,Straße von Hormus,LOC,0.00000000,0.00000000,de,1.00000000,,0.00000000,,,,,,
Nordsee,Nordsee,LOC,0.00000000,0.00000000,de,1.00000000,,2960848.00000000,H,55.33333000,3.00000000,EUROPE,,NEU
Bezirk will,Bezirk will,LOC,0.00000000,0.00000000,de,1.00000000,,0.00000000,,,,,,
Avoidance,Avoidance,LOC,1.00000000,0.00000000,de,1.00000000,,0.00000000,,,,,,
Neue Messdaten,Neue Messdaten,LOC,-0.70000000,0.00000000,de,1.00000000,,0.00000000,,,,,,
Netzausbaus,Netzausbaus,LOC,0.00000000,0.00000000,de,1.00000000,,0.00000000,,,,,,
Kiew,Kiew,LOC,0.00000000,0.00000000,de,1.00000000,,703448.00000000,P,50.45466000,30.52380000,EUROPE,Ukraine,WCE
Bundeswirtschaftsministerium,Bundeswirtschaftsministerium,LOC,0.00000000,0.00000000,de,1.00000000,,0.00000000,,,,,,
Hannover,Hannover,LOC,0.00000000,0.00000000,de,1.00000000,,2910831.00000000,P,52.37052000,9.73322000,EUROPE,Deutschland,WCE
Gefahr,Gefahr,LOC,0.00000000,0.00000000,de,1.00000000,,-1.00000000,,,,AFRICA,,WSAF
Mainz,Mainz,LOC,0.00000000,0.00000000,de,1.00000000,4037124-4,-1.00000000,,,,EUROPE,Germany,WCE
arktischen Insel,arktischen Insel,LOC,0.00000000,0.00000000,de,1.00000000,,0.00000000,,,,,,
Energie,Energie,LOC,0.42500000,0.50000000,de,1.00000000,,-1.00000000,,,,NORTH-AMERICA,Canada,ENA
Uni Marburg,Uni Marburg,LOC,0.00000000,0.00000000,de,1.00000000,,-1.00000000,,,,EUROPE,Slovenia,WCE
Tundra Westgrönlands,Tundra Westgrönlands,LOC,-1.00000000,0.00000000,de,1.00000000,,0.00000000,,,,,,
Philipps-Universität Marburg,Philipps-Universität Marburg,LOC,0.00000000,0.00000000,de,1.00000000,,-1.00000000,,,,EUROPE,Germany,WCE
Republik,Republik,LOC,0.00000000,0.00000000,de,1.00000000,4017875-4,-1.00000000,,,,ASIA,Taiwan,EAS
Teufels,Teufels,LOC,0.00000000,0.00000000,de,1.00000000,,-1.00000000,,,,ARCTIC,,ARO
Erklärungsnot,Erklärungsnot,LOC,0.00000000,0.00000000,de,1.00000000,,0.00000000,,,,,,
Landkre…,Landkre…,LOC,0.00000000,0.00000000,de,1.00000000,,0.00000000,,,,,,
Anbauer,Anbauer,LOC,-0.50000000,0.50000000,de,1.00000000,,0.00000000,,,,,,
Fränkische Schweiz,Fränkische Schweiz,LOC,0.70000000,0.00000000,de,1.00000000,4018035-9,-1.00000000,,,,EUROPE,Germany,WCE
deutl…,deutl…,LOC,0.00000000,0.00000000,de,1.00000000,,0.00000000,,,,,,
Bayerischen Landtags,Bayerischen Landtags,LOC,0.00000000,0.00000000,de,1.00000000,,0.00000000,,,,,,
Prioritätenliste,Prioritätenliste,LOC,0.00000000,0.00000000,de,1.00000000,,0.00000000,,,,,,
Umweltbundesamts,Umweltbundesamts,LOC,0.00000000,0.00000000,de,1.00000000,,0.00000000,,,,,,
Wielenbach,Wielenbach,LOC,0.00000000,0.00000000,de,1.00000000,4108137-7,-1.00000000,,,,EUROPE,Germany,WCE
Nachholbedarf,Nachholbedarf,LOC,0.00000000,0.00000000,de,1.00000000,,0.00000000,,,,,,
Baum-Streifen,Baum-Streifen,LOC,0.70000000,0.00000000,de,1.00000000,,0.00000000,,,,,,
Walddorfhäslach,Walddorfhäslach,LOC,0.00000000,0.00000000,de,1.00000000,4232775-1,-1.00000000,,,,EUROPE,Germany,WCE
Mais,Mais,LOC,0.00000000,0.00000000,de,1.00000000,,-1.00000000,,,,SOUTH-AMERICA,French Guiana,NSA
Strassen,Strassen,LOC,0.00000000,1.00000000,de,1.00000000,10112044-8,-1.00000000,,,,EUROPE,Luxembourg,WCE
Bauhofs,Bauhofs,LOC,1.00000000,0.00000000,de,1.00000000,,0.00000000,,,,,,
Stromquellen,Stromquellen,LOC,0.00000000,1.00000000,de,1.00000000,,0.00000000,,,,,,
Umweltminister,Umweltminister,LOC,0.00000000,0.00000000,de,1.00000000,,0.00000000,,,,,,
Provence,Provence,LOC,0.00000000,0.00000000,de,1.00000000,4000860-5,-1.00000000,,,,EUROPE-AFRICA,France,MED
Klimawandel-Folgen,Klimawandel-Folgen,LOC,-0.70000000,0.00000000,de,1.00000000,,0.00000000,,,,,,
Feldern Streifen,Feldern Streifen,LOC,0.00000000,0.00000000,de,1.00000000,,0.00000000,,,,,,
Äckern,Äckern,LOC,0.00000000,0.00000000,de,1.00000000,,-1.00000000,,,,EUROPE,Austria,WCE
ZEIT am Wochenende,ZEIT am Wochenende,LOC,0.00000000,0.00000000,de,1.00000000,,0.00000000,,,,,,
Bäume,Bäume,LOC,0.00000000,0.00000000,de,1.00000000,,0.00000000,,,,,,
Lonza,Lonza,LOC,0.00000000,0.00000000,de,1.00000000,,-1.00000000,,,,AFRICA,Democratic Republic of the Congo,NEAF
Novartis,Novartis,LOC,0.00000000,0.00000000,de,1.00000000,,-1.00000000,,,,ASIA,Philippines,SEA
Europas am Rhein,Europas am Rhein,LOC,0.00000000,0.00000000,de,1.00000000,,0.00000000,,,,,,
Babelsberg,Babelsberg,LOC,0.00000000,0.00000000,de,1.00000000,4103249-4,-1.00000000,,,,EUROPE,Germany,WCE
Potsdams Park Sanssouci,Potsdams Park Sanssouci,LOC,0.00000000,0.00000000,de,1.00000000,,0.00000000,,,,,,
New Yo,New Yo,LOC,0.00000000,0.00000000,de,1.00000000,,-1.00000000,,,,NORTH-AMERICA,United States,WNA
Armonk,Armonk,LOC,0.00000000,0.00000000,de,1.00000000,,-1.00000000,,,,NORTH-AMERICA,United States,ENA
Ohio,Ohio,LOC,0.00000000,0.00000000,de,1.00000000,4043387-0,-1.00000000,,,,NORTH-AMERICA,United States,ENA
Strampelstadt am Neckar,Strampelstadt am Neckar,LOC,0.00000000,0.00000000,de,1.00000000,,0.00000000,,,,,,
Verbraucher,Verbraucher,LOC,0.70000000,0.00000000,de,1.00000000,,0.00000000,,,,,,
Oak Ridge National Laboratory,Oak Ridge National Laboratory,LOC,0.00000000,0.00000000,de,1.00000000,,-1.00000000,,,,NORTH-AMERICA,United States,ENA
H2,H2,LOC,0.00000000,0.00000000,de,1.00000000,,-1.00000000,,,,ASIA,Philippines,SEA
Auto,Auto,LOC,0.70000000,0.00000000,de,1.00000000,,-1.00000000,,,,PACIFIC,,SPO
Dauerkrisenmodus,Dauerkrisenmodus,LOC,0.00000000,0.00000000,de,1.00000000,,0.00000000,,,,,,
Diesel-Kraftstoff,Diesel-Kraftstoff,LOC,1.00000000,0.00000000,de,1.00000000,,0.00000000,,,,,,
Wasserstoff-Hybrid-Motor,Wasserstoff-Hybrid-Motor,LOC,-1.00000000,0.00000000,de,1.00000000,,0.00000000,,,,,,
Peking,Peking,LOC,0.00000000,0.00000000,de,1.00000000,4075971-4,-1.00000000,,,,ASIA,China,EAS
Kohlenstoff,Kohlenstoff,LOC,0.70000000,0.00000000,de,1.00000000,,0.00000000,,,,,,
US-Bundesstaat Kalifornien,US-Bundesstaat Kalifornien,LOC,0.70000000,0.00000000,de,1.00000000,,0.00000000,,,,,,
Lawrence Livermore National Laboratory,Lawrence Livermore National Laboratory,LOC,0.70000000,0.00000000,de,1.00000000,,-1.00000000,,,,NORTH-AMERICA,United States,WNA
Frankfurt am Main,Frankfurt am Main,LOC,0.00000000,0.00000000,de,1.00000000,4018118-2,-1.00000000,,,,EUROPE,Germany,WCE
E-Fuels,E-Fuels,LOC,0.00000000,0.00000000,de,1.00000000,,0.00000000,,,,,,
Ursachen,Ursachen,LOC,0.70000000,0.00000000,de,1.00000000,,0.00000000,,,,,,
Brandenburgs,Brandenburgs,LOC,0.35000000,0.50000000,de,1.00000000,,-1.00000000,,,,EUROPE,Germany,WCE
Barnim,Barnim,LOC,0.35000000,0.50000000,de,1.00000000,4013452-0,-1.00000000,,,,EUROPE,Germany,WCE
Schilf,Schilf,LOC,-0.70000000,0.00000000,de,1.00000000,,0.00000000,,,,,,
Aktien,Aktien,LOC,0.00000000,0.00000000,de,1.00000000,,0.00000000,,,,,,
Klimaherausforderungen,Klimaherausforderungen,LOC,0.00000000,0.00000000,de,1.00000000,,0.00000000,,,,,,
Heizkraftwerk Nord,Heizkraftwerk Nord,LOC,0.00000000,0.00000000,de,1.00000000,,-1.00000000,,,,EUROPE,Germany,WCE
Wittenberg,Wittenberg,LOC,0.00000000,0.00000000,de,1.00000000,4066640-2,-1.00000000,,,,EUROPE,Germany,WCE
Batteriespeicher-Hersteller Tesvolt,Batteriespeicher-Hersteller Tesvolt,LOC,0.00000000,0.00000000,de,1.00000000,,0.00000000,,,,,,
Straße…,Straße…,LOC,0.00000000,0.00000000,de,1.00000000,,0.00000000,,,,,,
Tennessee,Tennessee,LOC,0.00000000,0.00000000,de,1.00000000,4119557-7,-1.00000000,,,,NORTH-AMERICA,United States,ENA
Solarforschern,Solarforschern,LOC,-1.00000000,0.00000000,de,1.00000000,,0.00000000,,,,,,
Ille-sur-Tet,Ille-sur-Tet,LOC,0.00000000,0.00000000,de,1.00000000,,-1.00000000,,,,EUROPE-AFRICA,France,MED
Asiens,Asiens,LOC,0.00000000,0.00000000,de,1.00000000,,0.00000000,,,,,,
Kleczew,Kleczew,LOC,0.70000000,0.00000000,de,1.00000000,7749252-3,-1.00000000,,,,EUROPE,Poland,WCE
Oberbayern,Oberbayern,LOC,0.00000000,0.00000000,de,1.00000000,,2867714.00000000,P,48.13743000,11.57549000,EUROPE,Deutschland,WCE
Alpen,Alpen,LOC,-1.00000000,0.00000000,de,1.00000000,,682673.00000000,T,45.50000000,24.25000000,EUROPE,Rumänien,WCE
Ölriesen,Ölriesen,LOC,0.00000000,0.00000000,de,1.00000000,,0.00000000,,,,,,
Hohe Öl-,Hohe Öl-,LOC,0.00000000,0.00000000,de,1.00000000,,0.00000000,,,,,,
Union,Union,LOC,0.00000000,0.00000000,de,1.00000000,,3584767.00000000,A,13.55000000,-87.90000000,CENTRAL-AMERICA,El Salvador,SCA
Waldbränden,Waldbränden,LOC,0.00000000,0.00000000,de,1.00000000,,0.00000000,,,,,,
Indonesien,Indonesien,LOC,0.00000000,0.00000000,de,1.00000000,,1643084.00000000,A,-5.00000000,120.00000000,ASIA,Indonesien,SEA
Indien,Indien,LOC,0.00000000,0.00000000,de,1.00000000,,1269750.00000000,A,22.00000000,79.00000000,ASIA,Indien,SAS
Technologieunternehmen Qnetic,Technologieunternehmen Qnetic,LOC,0.00000000,0.00000000,de,1.00000000,,0.00000000,,,,,,
Pozna,Pozna,LOC,0.70000000,0.00000000,de,1.00000000,,-1.00000000,,,,EUROPE,Germany,WCE
Schwungrad-Energiepeicher,Schwungrad-Energiepeicher,LOC,0.00000000,0.00000000,de,1.00000000,,0.00000000,,,,,,
Energiesystems,Energiesystems,LOC,0.00000000,0.00000000,de,1.00000000,,0.00000000,,,,,,
Kurswechsels,Kurswechsels,LOC,0.00000000,0.00000000,de,1.00000000,,0.00000000,,,,,,
Solarbranche,Solarbranche,LOC,0.00000000,0.00000000,de,1.00000000,,0.00000000,,,,,,
Elektroautos,Elektroautos,LOC,0.00000000,0.00000000,de,1.00000000,,0.00000000,,,,,,
Umfrage,Umfrage,LOC,0.70000000,0.00000000,de,1.00000000,,0.00000000,,,,,,
Flüssen,Flüssen,LOC,-0.17500000,0.50000000,de,1.00000000,,2926035.00000000,P,48.21861000,10.27462000,EUROPE,Deutschland,WCE
Kapitalgejammer,Kapitalgejammer,LOC,0.00000000,0.00000000,de,1.00000000,,0.00000000,,,,,,
Perpignan,Perpignan,LOC,0.00000000,0.00000000,de,1.00000000,4045226-8,-1.00000000,,,,EUROPE-AFRICA,France,MED
Posen,Posen,LOC,0.70000000,0.00000000,de,1.00000000,4046868-9,-1.00000000,,,,EUROPE,Poland,WCE
Klima-Sozialfonds,Klima-Sozialfonds,LOC,0.00000000,0.00000000,de,1.00000000,,0.00000000,,,,,,
Kalifornien,Kalifornien,LOC,0.00000000,0.00000000,de,1.00000000,,11071615.00000000,L,34.68743000,-116.78467000,NORTH-AMERICA,USA,WNA
Shanghai,Shanghai,LOC,0.00000000,0.00000000,de,1.00000000,4052066-3,-1.00000000,,,,ASIA,China,EAS
Äcker,Äcker,LOC,0.00000000,0.00000000,de,1.00000000,,-1.00000000,,,,EUROPE,Austria,WCE
Rol…,Rol…,LOC,0.00000000,0.00000000,de,1.00000000,,0.00000000,,,,,,
Hitzesommer,Hitzesommer,LOC,0.00000000,0.00000000,de,1.00000000,,0.00000000,,,,,,
Kaub,Kaub,LOC,0.23333333,0.00000000,de,1.00000000,4194073-8,-1.00000000,,,,ASIA,,SEA
südfran­zösischen Cadarache,südfran­zösischen Cadarache,LOC,0.00000000,0.00000000,de,1.00000000,,0.00000000,,,,,,
ITER,ITER,LOC,0.00000000,0.00000000,de,1.00000000,,-1.00000000,,,,CENTRAL-AMERICA,,CAR
Tokamaks,Tokamaks,LOC,0.00000000,0.00000000,de,1.00000000,,0.00000000,,,,,,
Cadarache,Cadarache,LOC,0.00000000,0.00000000,de,1.00000000,4119817-7,-1.00000000,,,,EUROPE-AFRICA,France,MED
Bauernverband,Bauernverband,LOC,0.00000000,1.00000000,de,1.00000000,,0.00000000,,,,,,
Chinas,Chinas,LOC,1.00000000,0.00000000,de,1.00000000,,-1.00000000,,,,CENTRAL-AMERICA,Mexico,NCA
SZ am Morgen,SZ am Morgen,LOC,0.00000000,0.00000000,de,1.00000000,,0.00000000,,,,,,
Batterie-Grafit,Batterie-Grafit,LOC,0.70000000,0.00000000,de,1.00000000,,0.00000000,,,,,,
Nordostasien,Nordostasien,LOC,0.00000000,1.00000000,de,1.00000000,,0.00000000,,,,,,
Magdeburg …,Magdeburg …,LOC,0.00000000,0.00000000,de,1.00000000,,0.00000000,,,,,,
Magdeburg,Magdeburg,LOC,0.00000000,1.00000000,de,1.00000000,,0.00000000,,,,,,
Energiewende-Widerspruch,Energiewende-Widerspruch,LOC,0.00000000,0.00000000,de,1.00000000,,0.00000000,,,,,,
Uni Graz,Uni Graz,LOC,0.00000000,0.00000000,de,1.00000000,,0.00000000,,,,,,
Wegner Center,Wegner Center,LOC,0.00000000,0.00000000,de,1.00000000,,0.00000000,,,,,,
Österreichs,Österreichs,LOC,0.00000000,0.00000000,de,1.00000000,,0.00000000,,,,,,
Wohnblöcke,Wohnblöcke,LOC,0.00000000,0.00000000,de,1.00000000,,0.00000000,,,,,,
Trampoline,Trampoline,LOC,0.00000000,0.00000000,de,1.00000000,,0.00000000,,,,,,
Bauchfleck,Bauchfleck,LOC,0.00000000,0.00000000,de,1.00000000,,0.00000000,,,,,,
Einfamilienhäuser,Einfamilienhäuser,LOC,0.00000000,0.00000000,de,1.00000000,,0.00000000,,,,,,
Klimaprotest,Klimaprotest,LOC,0.00000000,0.00000000,de,1.00000000,,0.00000000,,,,,,
Rückenwind,Rückenwind,LOC,0.00000000,0.00000000,de,1.00000000,,0.00000000,,,,,,
Klimawandel-Messstationen,Klimawandel-Messstationen,LOC,0.00000000,0.00000000,de,1.00000000,,0.00000000,,,,,,
Hitzefalle,Hitzefalle,LOC,0.00000000,0.00000000,de,1.00000000,,0.00000000,,,,,,
Atomstrom,Atomstrom,LOC,0.00000000,0.00000000,de,1.00000000,,0.00000000,,,,,,
Bundesrats,Bundesrats,LOC,-0.70000000,0.00000000,de,1.00000000,,0.00000000,,,,,,
Bundesrepublik,Bundesrepublik,LOC,0.33333333,0.00000000,de,1.00000000,4011889-7,-1.00000000,,,,EUROPE,Germany,WCE
Gemüseanbauer Regen,Gemüseanbauer Regen,LOC,-0.70000000,0.00000000,de,1.00000000,,0.00000000,,,,,,
Elbe,Elbe,LOC,0.00000000,0.00000000,de,1.00000000,,2868531.00000000,P,51.43453000,13.22177000,EUROPE,Deutschland,WCE
Windrad,Windrad,LOC,0.00000000,0.00000000,de,1.00000000,,-1.00000000,,,,EUROPE,Germany,WCE
Verbrenner-Aus,Verbrenner-Aus,LOC,0.00000000,0.00000000,de,1.00000000,,0.00000000,,,,,,
Ampel-Koalition,Ampel-Koalition,LOC,0.00000000,0.00000000,de,1.00000000,,0.00000000,,,,,,
Laufen,Laufen,LOC,0.00000000,0.00000000,de,1.00000000,4034720-5,-1.00000000,,,,EUROPE,Austria,WCE
Thüringens,Thüringens,LOC,0.00000000,0.00000000,de,1.00000000,,11550794.00000000,S,50.27720000,10.80180000,EUROPE,Deutschland,WCE
Gemeindeland,Gemeindeland,LOC,0.00000000,0.00000000,de,1.00000000,,0.00000000,,,,,,
Großraum Paris,Großraum Paris,LOC,0.00000000,0.00000000,de,1.00000000,,0.00000000,,,,,,
Mitteldeutschland,Mitteldeutschland,LOC,0.00000000,0.00000000,de,1.00000000,,0.00000000,,,,,,
Jahrzehnts,Jahrzehnts,LOC,-1.00000000,0.00000000,de,1.00000000,,0.00000000,,,,,,
Afrika,Afrika,LOC,0.00000000,0.00000000,de,1.00000000,,6255146.00000000,L,7.18810000,21.09375000,AFRICA,,CAF
Volkspark,Volkspark,LOC,0.00000000,0.00000000,de,1.00000000,,-1.00000000,,,,EUROPE,Germany,WCE
Brasiliens,Brasiliens,LOC,0.00000000,0.00000000,de,1.00000000,,0.00000000,,,,,,
Niederösterreich,Niederösterreich,LOC,0.00000000,0.00000000,de,1.00000000,,2770542.00000000,A,48.33333000,15.75000000,EUROPE,Österreich,WCE
Ha…,Ha…,LOC,0.70000000,0.00000000,de,1.00000000,,0.00000000,,,,,,
Windkraft-Anlagen,Windkraft-Anlagen,LOC,0.70000000,0.00000000,de,1.00000000,,0.00000000,,,,,,
Steiermark,Steiermark,LOC,1.00000000,0.00000000,de,1.00000000,,2764581.00000000,A,47.25000000,15.16667000,EUROPE,Österreich,WCE
Bioöl,Bioöl,LOC,1.00000000,0.00000000,de,1.00000000,,0.00000000,,,,,,
Norddeutschland,Norddeutschland,LOC,0.00000000,0.00000000,de,1.00000000,,11978817.00000000,T,51.47087000,6.56787000,EUROPE,Deutschland,WCE
Warum Reiches Reform,Warum Reiches Reform,LOC,0.70000000,0.00000000,de,1.00000000,,0.00000000,,,,,,
Havel,Havel,LOC,0.70000000,0.00000000,de,1.00000000,4007956-9,-1.00000000,,,,EUROPE,Germany,WCE
Jadar-Tal,Jadar-Tal,LOC,0.35000000,0.50000000,de,1.00000000,,0.00000000,,,,,,
E…,E…,LOC,0.00000000,1.00000000,de,1.00000000,,0.00000000,,,,,,
Dekarbonisierung,Dekarbonisierung,LOC,0.00000000,0.00000000,de,1.00000000,,0.00000000,,,,,,
Copernicus,Copernicus,LOC,0.00000000,0.00000000,de,1.00000000,,-1.00000000,,,,EUROPE,Poland,WCE
West-Dänemark,West-Dänemark,LOC,0.00000000,0.00000000,de,1.00000000,,-1.00000000,,,,EUROPE,Denmark,NEU
Iran,Iran,LOC,0.00000000,0.00000000,de,1.00000000,4027653-3,130758.00000000,A,32.00000000,53.00000000,ASIA,Iran,WCA
Pariser,Pariser,LOC,0.00000000,0.00000000,de,1.00000000,,2943127.00000000,T,47.40555000,11.28725000,EUROPE,Deutschland,WCE
Föhren,Föhren,LOC,0.00000000,0.00000000,de,1.00000000,4378829-4,-1.00000000,,,,EUROPE,Germany,WCE
Blackouts,Blackouts,LOC,0.70000000,0.00000000,de,1.00000000,,0.00000000,,,,,,
Ottendorf-Okrilla,Ottendorf-Okrilla,LOC,0.00000000,0.00000000,de,1.00000000,4427849-4,-1.00000000,,,,EUROPE,Germany,WCE
Nossen,Nossen,LOC,0.00000000,0.00000000,de,1.00000000,4042589-7,-1.00000000,,,,EUROPE,Germany,WCE
Dresden,Dresden,LOC,0.00000000,0.00000000,de,1.00000000,,2935022.00000000,P,51.05089000,13.73832000,EUROPE,Deutschland,WCE
Freistaat Sachsen,Freistaat Sachsen,LOC,0.00000000,0.00000000,de,1.00000000,4051176-5,-1.00000000,,,,EUROPE,Germany,WCE
Jahrhundertmitte,Jahrhundertmitte,LOC,0.00000000,0.00000000,de,1.00000000,,0.00000000,,,,,,
Fachschulen Hatzendorf,Fachschulen Hatzendorf,LOC,0.00000000,0.00000000,de,1.00000000,,0.00000000,,,,,,
Amazonas,Amazonas,LOC,0.00000000,0.00000000,de,1.00000000,4001626-2,-1.00000000,,,,SOUTH-AMERICA,Colombia,NSA
Probe,Probe,LOC,1.00000000,0.00000000,de,1.00000000,,-1.00000000,,,,POLAR,,WAN
schwarzen,schwarzen,LOC,1.00000000,0.00000000,de,1.00000000,,-1.00000000,,,,EUROPE,Germany,WCE
Ländern,Ländern,LOC,0.00000000,0.00000000,de,1.00000000,,-1.00000000,,,,EUROPE,Switzerland,WCE
Bürgerschaft,Bürgerschaft,LOC,0.00000000,0.00000000,de,1.00000000,,0.00000000,,,,,,
Klimaziele,Klimaziele,LOC,0.00000000,0.00000000,de,1.00000000,,0.00000000,,,,,,
Energiewende-Pläne,Energiewende-Pläne,LOC,0.00000000,0.00000000,de,1.00000000,,0.00000000,,,,,,
Windparks zur See,Windparks zur See,LOC,0.00000000,0.00000000,de,1.00000000,,0.00000000,,,,,,
Offshore-Windpark,Offshore-Windpark,LOC,-0.70000000,0.00000000,de,1.00000000,,0.00000000,,,,,,
Ölkonzerne,Ölkonzerne,LOC,-0.70000000,0.00000000,de,1.00000000,,0.00000000,,,,,,
Gießener,Gießener,LOC,0.00000000,0.00000000,de,1.00000000,,-1.00000000,,,,EUROPE,Austria,WCE
Namenspatens,Namenspatens,LOC,0.00000000,0.00000000,de,1.00000000,,0.00000000,,,,,,
Gießen,Gießen,LOC,-0.70000000,0.00000000,de,1.00000000,4020989-1,-1.00000000,,,,EUROPE,Germany,WCE
Linden,Linden,LOC,0.00000000,0.00000000,de,1.00000000,118921881X,3377408.00000000,P,6.00815000,-58.30724000,SOUTH-AMERICA,Guyana,NSA
Spielregeln,Spielregeln,LOC,-1.00000000,0.00000000,de,1.00000000,,0.00000000,,,,,,
Schwarz-Rot,Schwarz-Rot,LOC,0.00000000,0.00000000,de,1.00000000,,0.00000000,,,,,,
Entwicklungsland,Entwicklungsland,LOC,0.00000000,0.00000000,de,1.00000000,,0.00000000,,,,,,
Meeres,Meeres,LOC,0.00000000,0.00000000,de,1.00000000,,-1.00000000,,,,AFRICA,Eritrea,SAH
Rudsar,Rudsar,LOC,0.00000000,0.00000000,de,1.00000000,,-1.00000000,,,,ASIA,Iran,WCA
Kaspischen Meeres,Kaspischen Meeres,LOC,0.00000000,1.00000000,de,1.00000000,,0.00000000,,,,,,
Kaspische Meer,Kaspische Meer,LOC,-0.70000000,0.00000000,de,1.00000000,,0.00000000,,,,,,
Kaspisches Meer,Kaspisches Meer,LOC,0.00000000,0.00000000,de,1.00000000,,0.00000000,,,,,,
Krebspest,Krebspest,LOC,0.00000000,0.00000000,de,1.00000000,,0.00000000,,,,,,
Meloni,Meloni,LOC,-1.00000000,0.00000000,de,1.00000000,,-1.00000000,,,,EUROPE-AFRICA,Italy,MED
Stadt Wien,Stadt Wien,LOC,0.00000000,0.00000000,de,1.00000000,,2761369.00000000,P,48.20849000,16.37208000,EUROPE,Österreich,WCE
Meerwasser,Meerwasser,LOC,0.00000000,0.00000000,de,1.00000000,,-1.00000000,,,,EUROPE,Germany,NEU
Hochstrahlbrunnen,Hochstrahlbrunnen,LOC,0.00000000,0.00000000,de,1.00000000,,0.00000000,,,,,,
Störaktionen,Störaktionen,LOC,0.00000000,0.00000000,de,1.00000000,,0.00000000,,,,,,
Gegenliebe,Gegenliebe,LOC,0.70000000,0.00000000,de,1.00000000,,0.00000000,,,,,,
Finnland,Finnland,LOC,0.70000000,0.00000000,de,1.00000000,4017243-0,660013.00000000,A,64.00000000,26.00000000,EUROPE,Finland,NEU
Einfamilienhäusern,Einfamilienhäusern,LOC,0.00000000,0.00000000,de,1.00000000,,0.00000000,,,,,,
Hausdachanlagen,Hausdachanlagen,LOC,0.00000000,0.00000000,de,1.00000000,,0.00000000,,,,,,
Oslo,Oslo,LOC,0.70000000,0.00000000,de,1.00000000,1013733-6,-1.00000000,,,,EUROPE,Norway,NEU
Barcelona,Barcelona,LOC,0.70000000,0.00000000,de,1.00000000,4004503-1,-1.00000000,,,,EUROPE-AFRICA,Spain,MED
Athen,Athen,LOC,0.70000000,0.00000000,de,1.00000000,4003366-1,-1.00000000,,,,EUROPE-AFRICA,Greece,MED
Schleswig-Holsteins,Schleswig-Holsteins,LOC,0.00000000,0.00000000,de,1.00000000,,0.00000000,,,,,,
Kostengründen,Kostengründen,LOC,0.70000000,0.00000000,de,1.00000000,,0.00000000,,,,,,
Netze,Netze,LOC,0.00000000,0.00000000,de,1.00000000,,-1.00000000,,,,EUROPE,Germany,WCE
Hakodate,Hakodate,LOC,0.00000000,0.00000000,de,1.00000000,4481747-2,-1.00000000,,,,ASIA,Japan,EAS
Japan,Japan,LOC,0.00000000,0.00000000,de,1.00000000,,1861060.00000000,A,35.68536000,139.75309000,ASIA,Japan,EAS
Gepäck,Gepäck,LOC,0.00000000,0.00000000,de,1.00000000,,0.00000000,,,,,,
Bundeswirtschaftsministerin,Bundeswirtschaftsministerin,LOC,-0.70000000,0.00000000,de,1.00000000,,0.00000000,,,,,,
Stadtwerke-Tochter,Stadtwerke-Tochter,LOC,0.70000000,0.00000000,de,1.00000000,,0.00000000,,,,,,
Landgericht,Landgericht,LOC,0.00000000,0.00000000,de,1.00000000,,-1.00000000,,,,EUROPE,Germany,WCE
Regen,Regen,LOC,0.00000000,0.00000000,de,1.00000000,,2849495.00000000,P,48.97190000,13.12824000,EUROPE,Deutschland,WCE
Parfums,Parfums,LOC,0.00000000,0.00000000,de,1.00000000,,-1.00000000,,,,AFRICA,Madagascar,MDG
Biogas,Biogas,LOC,1.00000000,0.00000000,de,1.00000000,,-1.00000000,,,,ASIA,Pakistan,WCA
Batterien,Batterien,LOC,0.85000000,0.00000000,de,1.00000000,,0.00000000,,,,,,
Augsburg,Augsburg,LOC,0.00000000,0.00000000,de,1.00000000,,0.00000000,,,,,,
Oberrhein,Oberrhein,LOC,0.00000000,0.00000000,de,1.00000000,,12077021.00000000,L,48.95947000,8.36214000,EUROPE,Deutschland,WCE
Umgang,Umgang,LOC,0.00000000,0.00000000,de,1.00000000,,0.00000000,,,,,,
Detaildiskussionen,Detaildiskussionen,LOC,-0.70000000,0.00000000,de,1.00000000,,0.00000000,,,,,,
Konsens,Konsens,LOC,1.00000000,0.00000000,de,1.00000000,,0.00000000,,,,,,
Glaziologen,Glaziologen,LOC,0.00000000,0.00000000,de,1.00000000,,0.00000000,,,,,,
Mailand,Mailand,LOC,0.00000000,0.00000000,de,1.00000000,,3173435.00000000,P,45.46427000,9.18951000,EUROPE,Italien,WCE
Turin,Turin,LOC,0.00000000,0.00000000,de,1.00000000,4061245-4,-1.00000000,,,,EUROPE,Italy,WCE
Abhängigkeiten,Abhängigkeiten,LOC,0.00000000,0.00000000,de,1.00000000,,0.00000000,,,,,,
Duisburger,Duisburger,LOC,0.00000000,0.00000000,de,1.00000000,,-1.00000000,,,,EUROPE,Germany,WCE
Thyssenkrupp,Thyssenkrupp,LOC,0.70000000,0.00000000,de,1.00000000,,-1.00000000,,,,EUROPE,Italy,WCE
Dunkelflauten,Dunkelflauten,LOC,-1.00000000,0.00000000,de,1.00000000,,0.00000000,,,,,,
Bonn,Bonn,LOC,0.85000000,0.00000000,de,1.00000000,4007666-0,6296510.00000000,S,50.87894000,7.12292000,EUROPE,Germany,WCE
MÜNCHEN,MÜNCHEN,LOC,0.00000000,0.00000000,de,1.00000000,4245720-8,-1.00000000,,,,EUROPE,Germany,WCE
Batteriespeichern,Batteriespeichern,LOC,1.00000000,0.00000000,de,1.00000000,,0.00000000,,,,,,
lby,lby,LOC,0.00000000,0.00000000,de,1.00000000,,7898825.00000000,T,50.38527000,109.87245000,ASIA,Russia,ESB
Spaniens,Spaniens,LOC,0.23333333,0.66666667,de,1.00000000,,0.00000000,,,,,,
Investitionsbehörden,Investitionsbehörden,LOC,0.00000000,0.00000000,de,1.00000000,,0.00000000,,,,,,
Planungsministerien,Planungsministerien,LOC,0.00000000,0.00000000,de,1.00000000,,0.00000000,,,,,,
Zentralbanken,Zentralbanken,LOC,0.00000000,0.00000000,de,1.00000000,,0.00000000,,,,,,
Finanzminister,Finanzminister,LOC,0.00000000,0.00000000,de,1.00000000,,0.00000000,,,,,,
Pinzgau,Pinzgau,LOC,0.00000000,0.00000000,de,1.00000000,4046112-9,-1.00000000,,,,EUROPE,Austria,WCE
Konsequenzen,Konsequenzen,LOC,0.00000000,1.00000000,de,1.00000000,,0.00000000,,,,,,
Hitzewellen,Hitzewellen,LOC,0.00000000,0.00000000,de,1.00000000,,0.00000000,,,,,,
Emden,Emden,LOC,0.00000000,0.00000000,de,1.00000000,,2930596.00000000,P,53.36745000,7.20778000,EUROPE,Deutschland,NEU
Ostfriesland,Ostfriesland,LOC,0.00000000,0.00000000,de,1.00000000,4044067-9,-1.00000000,,,,EUROPE,Germany,NEU
Balkonkraftwerken,Balkonkraftwerken,LOC,0.00000000,0.00000000,de,1.00000000,,0.00000000,,,,,,
Doghouse ,Doghouse ,LOC,0.00000000,0.00000000,de,1.00000000,,0.00000000,,,,,,
Olching,Olching,LOC,0.00000000,1.00000000,de,1.00000000,4043447-3,-1.00000000,,,,EUROPE,Germany,WCE
Fortschritt,Fortschritt,LOC,0.00000000,0.00000000,de,1.00000000,,0.00000000,,,,,,
Südkorea,Südkorea,LOC,0.00000000,0.00000000,de,1.00000000,,1835841.00000000,A,36.50000000,127.75000000,ASIA,Südkorea,EAS
Gemeinde,Gemeinde,LOC,0.00000000,0.00000000,de,1.00000000,1028367-5,-1.00000000,,,,EUROPE,Moldova,WCE
Ostdeutschland,Ostdeutschland,LOC,0.00000000,0.00000000,de,1.00000000,,0.00000000,,,,,,
Stadt an der Lahn,Stadt an der Lahn,LOC,1.00000000,0.00000000,de,1.00000000,4012241-4,-1.00000000,,,,EUROPE,Germany,WCE
der Schweiz,der Schweiz,LOC,0.00000000,0.00000000,de,1.00000000,,2661324.00000000,P,47.14035000,7.37175000,EUROPE,Switzerland,WCE
Speicherausbau,Speicherausbau,LOC,0.00000000,0.00000000,de,1.00000000,,0.00000000,,,,,,
Offshore-Wind,Offshore-Wind,LOC,0.00000000,1.00000000,de,1.00000000,,0.00000000,,,,,,
Freistaat,Freistaat,LOC,0.00000000,0.00000000,de,1.00000000,,2822542.00000000,A,50.91667000,11.00000000,EUROPE,Deutschland,WCE
Windrädern,Windrädern,LOC,0.00000000,0.00000000,de,1.00000000,,0.00000000,,,,,,
Einfamilienhaus,Einfamilienhaus,LOC,0.00000000,0.00000000,de,1.00000000,,0.00000000,,,,,,
E-Auto,E-Auto,LOC,0.00000000,0.00000000,de,1.00000000,,-1.00000000,,,,PACIFIC,,SPO
Energiespeicher,Energiespeicher,LOC,0.00000000,0.00000000,de,1.00000000,,0.00000000,,,,,,
Photovoltaik,Photovoltaik,LOC,0.00000000,0.00000000,de,1.00000000,,0.00000000,,,,,,
Vibrionen,Vibrionen,LOC,0.70000000,0.00000000,de,1.00000000,,0.00000000,,,,,,
Algen,Algen,LOC,0.00000000,0.00000000,de,1.00000000,,-1.00000000,,,,EUROPE,Sweden,NEU
Lofer,Lofer,LOC,0.00000000,0.00000000,de,1.00000000,4036192-5,-1.00000000,,,,EUROPE,Austria,WCE
Weißbach,Weißbach,LOC,0.00000000,0.00000000,de,1.00000000,,-1.00000000,,,,EUROPE,Germany,WCE
Kammerling-Alm,Kammerling-Alm,LOC,0.00000000,0.00000000,de,1.00000000,,0.00000000,,,,,,
sn,sn,LOC,0.35000000,0.50000000,de,1.00000000,,6255146.00000000,L,7.18810000,21.09375000,AFRICA,,CAF
län…,län…,LOC,0.00000000,0.00000000,de,1.00000000,,0.00000000,,,,,,
Mittagssonne,Mittagssonne,LOC,0.00000000,0.00000000,de,1.00000000,,0.00000000,,,,,,
Baustellen,Baustellen,LOC,0.00000000,0.00000000,de,1.00000000,,-1.00000000,,,,EUROPE,Germany,NEU
Bracht,Bracht,LOC,0.00000000,1.00000000,de,1.00000000,,-1.00000000,,,,EUROPE,Germany,WCE
Haus heizt,Haus heizt,LOC,0.00000000,0.00000000,de,1.00000000,,0.00000000,,,,,,
Zukunft kohlenstoffdioxidfre…,Zukunft kohlenstoffdioxidfre…,LOC,0.00000000,0.00000000,de,1.00000000,,0.00000000,,,,,,
Messestadt,Messestadt,LOC,0.00000000,0.00000000,de,1.00000000,,-1.00000000,,,,EUROPE,Germany,WCE
Osnabrück,Osnabrück,LOC,1.00000000,0.00000000,de,1.00000000,4043974-4,-1.00000000,,,,EUROPE,Germany,WCE
Windparks auf See,Windparks auf See,LOC,-0.70000000,0.00000000,de,1.00000000,,0.00000000,,,,,,
Klimakonferenz,Klimakonferenz,LOC,0.00000000,0.00000000,de,1.00000000,,0.00000000,,,,,,
Grü…,Grü…,LOC,0.00000000,0.00000000,de,1.00000000,,0.00000000,,,,,,
Brunsbüttel,Brunsbüttel,LOC,0.70000000,0.00000000,de,1.00000000,4008513-2,-1.00000000,,,,EUROPE,Germany,NEU
Amprion,Amprion,LOC,0.70000000,0.00000000,de,1.00000000,,0.00000000,,,,,,
Meerbusch-Osterath,Meerbusch-Osterath,LOC,0.70000000,0.00000000,de,1.00000000,4658586-2,-1.00000000,,,,EUROPE,Germany,WCE
Kommunen,Kommunen,LOC,0.50000000,0.50000000,de,1.00000000,4115052-1,-1.00000000,,,,EUROPE,France,WCE
Rheinland-Pfalz v,Rheinland-Pfalz v,LOC,0.00000000,0.00000000,de,1.00000000,,-1.00000000,,,,EUROPE,Germany,WCE
Rheinland-Pfalz,Rheinland-Pfalz,LOC,0.00000000,0.00000000,de,1.00000000,,2847618.00000000,A,49.66667000,7.50000000,EUROPE,Deutschland,WCE
Hanoi,Hanoi,LOC,0.35000000,0.50000000,de,1.00000000,4094713-0,-1.00000000,,,,ASIA,Vietnam,EAS
Staaten,Staaten,LOC,0.00000000,0.00000000,de,1.00000000,4078704-7,6252001.00000000,A,39.76000000,-98.50000000,NORTH-AMERICA,United States,CNA
Solarthermiekraftwerk,Solarthermiekraftwerk,LOC,0.00000000,0.00000000,de,1.00000000,,0.00000000,,,,,,
Fukushima,Fukushima,LOC,0.00000000,0.00000000,de,1.00000000,4332074-0,-1.00000000,,,,ASIA,Japan,EAS
Saalfelden,Saalfelden,LOC,0.00000000,0.00000000,de,1.00000000,4051088-8,-1.00000000,,,,EUROPE,Austria,WCE
Kernkraftwerken,Kernkraftwerken,LOC,0.70000000,0.00000000,de,1.00000000,,0.00000000,,,,,,
Brüssel,Brüssel,LOC,0.00000000,0.00000000,de,1.00000000,,2800866.00000000,P,50.85045000,4.34878000,EUROPE,Belgien,WCE
Saatbau Linz,Saatbau Linz,LOC,0.00000000,0.00000000,de,1.00000000,,0.00000000,,,,,,
Oberösterreich,Oberösterreich,LOC,0.00000000,0.00000000,de,1.00000000,,2772400.00000000,P,48.30639000,14.28611000,EUROPE,Österreich,WCE
Strompreis…,Strompreis…,LOC,0.00000000,0.00000000,de,1.00000000,,0.00000000,,,,,,
Rekordniveaus,Rekordniveaus,LOC,0.00000000,0.00000000,de,1.00000000,,0.00000000,,,,,,
Hängematte,Hängematte,LOC,1.00000000,0.00000000,de,1.00000000,,0.00000000,,,,,,
Badeunfällen,Badeunfällen,LOC,0.00000000,0.00000000,de,1.00000000,,0.00000000,,,,,,
"Westeuropas
","Westeuropas
",LOC,-0.70000000,0.00000000,de,1.00000000,,0.00000000,,,,,,
Ener…,Ener…,LOC,0.70000000,0.00000000,de,1.00000000,,0.00000000,,,,,,
Fastmarkets,Fastmarkets,LOC,0.70000000,0.00000000,de,1.00000000,,0.00000000,,,,,,
Niederlande,Niederlande,LOC,0.00000000,0.00000000,de,1.00000000,4042203-3,-1.00000000,,,,EUROPE,The Netherlands,NEU
Jahrgang,Jahrgang,LOC,0.00000000,0.00000000,de,1.00000000,,0.00000000,,,,,,
Atatürk-Mausoleum,Atatürk-Mausoleum,LOC,0.00000000,0.00000000,de,1.00000000,,0.00000000,,,,,,
türkisch,türkisch,LOC,0.70000000,0.00000000,de,1.00000000,,-1.00000000,,,,EUROPE,Serbia,WCE
ve…,ve…,LOC,0.00000000,0.00000000,de,1.00000000,,0.00000000,,,,,,
Tianjin,Tianjin,LOC,0.00000000,0.00000000,de,1.00000000,4198006-2,-1.00000000,,,,ASIA,China,EAS
Chile,Chile,LOC,0.00000000,0.00000000,de,1.00000000,,0.00000000,,,,,,
ber…,ber…,LOC,0.00000000,0.00000000,de,1.00000000,,0.00000000,,,,,,
Rechenzentrum am Rhein,Rechenzentrum am Rhein,LOC,0.00000000,0.00000000,de,1.00000000,,0.00000000,,,,,,
Technik/Hardware,Technik/Hardware,LOC,0.70000000,0.00000000,de,1.00000000,,0.00000000,,,,,,
414,,,,,,,,1792947.00000000,P,39.14222000,117.17667000,,China,
